#,What country do you currently reside in?,English,Mandarin,Hindi,Spanish,French,Arabic,Bengali,Russian,Portuguese,German,Other,"White (Eg: German, Irish, English, Italian, Polish, French, etc)","Hispanic, Latino or Spanish origin (Eg: Mexican or Mexican American, Puerto Rican, Cuban, Salvadoran, Dominican, Colombian, etc)","Black or African American (Eg: African American, Jamaican, Haitian, Nigerian, Ethiopian, Somalian, etc)","Asian (Eg: Chinese, Filipino, Asian Indian, Vietnamese, Korean, Japanese, etc)","American Indian, Alaska Native, or Indigenous (Eg: Navajo nation, Blackfeet tribe, Mayan, Aztec, Inuit, M√©tis, Nome Eskimo Community, etc)","Middle Eastern or North African (Eg: Lebanese, Iranian, Egyptian, Syrian, Moroccan, Algerian, etc)","Pacific Islander (Eg: Native Hawaiian, Samoan, Chamorro, Tongan, Fijian, etc)",Other,How do you describe your gender identity?,What is your age?,What is the highest level of education you have completed?,Other,Developer - back end,Developer - full stack,Developer - front end,Developer - desktop or enterprise applications,Developer - mobile,DevOps specialist,Designer - research,Designer - user experience,Designer - user interface,Designer - graphics,Designer - branding,Designer - animation,Data or business analyst,Data scientist or machine learning specialist,Database administrator,System administrator,IT professional,QA analyst or tester,Product - manager,Product - owner,Project manager,Writer - technical,Writer - copy/content,Writer - other,Consultant,Entrepreneur,Marketing or sales professional,Communications professional,Community organizer,Medical professional,Legal/Policy professional,Academic researcher,Scientist,Educator,Student,General user,Other,What industry or field are you in?,Braille display,Screen reader,Screen magnifier,On screen keyboard,Eye tracker,Reading assistants,Speech input,Switch input,Alternative keyboards or mice,None,Other,Have you ever written code?,How many years has it been since you first started writing code?,News article,Academia,Job relates to/uses Solid,Google/Internet search,Someone told me about it,Read about it on social media,solidproject.org,Inrupt,I can‚Äôt remember,Other,What is your interest in Solid?,How would you rate your understanding of Solid?,Contribute to the GitHub repositories,Contribute to the specifications,Read or participate in the forums,Read or participate in the Gitter chats,Read or discuss Solid on Twitter/Facebook/Reddit/other social media,"Write about Solid (blogs, articles, etc)",Attend Solid World,Attend Women of Solid,Attend other live (virtual) Solid events,Build Solid apps,Test out Solid apps,Participate in user research,I don't participate in the Solid community,Other,How comfortable are you *contributing to GitHub repositories*?,How comfortable are you participating in the *forums*?,How comfortable are you participating in the *Gitter chats*?,How comfortable are you participating in *live (virtual) Solid events*?,Timezone issues (too early or too late),Busy,Language barrier,Accessibility barrier,Childcare barrier,Technology barrier (i.e. poor Internet connection),Topics aren‚Äôt interesting to me,Topics are too complex,I don‚Äôt feel welcome,I'm not interested in attending live Solid events,I prefer to watch recordings of the events,Other,Blog,Forums,Gitter,Email Newsletter,Twitter,LinkedIn,Facebook,Instagram,Reddit,TikTok,Other,How much do you feel you belong in the Solid community?,What makes you feel like you don‚Äôt belong?,What would make you feel more comfortable in this community?,What changes would you like to see in this community?,Any other comments?,Start Date (UTC),Submit Date (UTC),Network ID
aur7hytaoghz6a46ejdplo2d4fxpisjy,United States of America,English,,,,,,,,,,,"White (Eg: German, Irish, English, Italian, Polish, French, etc)",,,,,,,,Male,46 - 64,"Bachelor‚Äôs degree (B.A., B.S., B.Eng., etc.)",,,Developer - full stack,,Developer - desktop or enterprise applications,,,,,,,,,,,,System administrator,,,,Product - owner,,,,,,Entrepreneur,,,,,,,,,,,,Computer Software,,,,,,,,,,None,,1,30 to 49 years,News article,,,,,,,,,,I follow technology; Solid strikes me as interesting.,I understand an average amount,,,,,,,,,,,,,,Pure Lurker at this point,,5,5,,,,,,,,,,,,,,Blog,Forums,,Email Newsletter,,,,,,,,I don‚Äôt feel I belong,Pure Lurker.  Note that I don't feel unwelcome.,It's not you; it's me.,,,2021-06-11 18:41:15,2021-06-11 18:45:22,68013eb712
rtwc5eo7aqsojsda1u2rtwc5eolieakg,United States of America,English,,,,,,,,,,,"White (Eg: German, Irish, English, Italian, Polish, French, etc)",,,,,,,,Female,46 - 64,"Bachelor‚Äôs degree (B.A., B.S., B.Eng., etc.)",,,,,,,,,,,,,,,,,,,,,,,,Writer - copy/content,,,Entrepreneur,Marketing or sales professional,,,,,,,,Student,,,"Wellness, Arts",,,,,,,,,,None,,0,,,,,,,,,,I can‚Äôt remember,,I am interested in a decentralized and humanized internet,I understand a little about it,,,Read or participate in the forums,,,,,,,,,,,,,4,,,,Busy,,,,,,,,,,,,,,Email Newsletter,,,,,,,,I feel I somewhat belong,,I would likely feel more comfortable by participating more,,,2021-06-11 18:02:42,2021-06-11 18:10:18,313cbf29c5
wxlynx4gv71wyrolb0hwxly4zth2pe2o,United States of America,English,,,,,,,,,,,"White (Eg: German, Irish, English, Italian, Polish, French, etc)",,,,,,,,Male,46 - 64,"Other doctoral degree (Ph.D., Ed.D., etc.)",,,,,,,,,,,,,,,,,,,,,,,,,,,,,,,,,Academic researcher,,,,,,Academia,,,,,,,,,,None,,1,30 to 49 years,,Academia,,,,,,,,,"Provide a framework to build WoT, digital twins applications",I understand an average amount,,,,Read or participate in the Gitter chats,Read or discuss Solid on Twitter/Facebook/Reddit/other social media,,Attend Solid World,,,,Test out Solid apps,,,,,3,3,4,,Busy,,,,,,,,,I prefer to watch recordings of the events,,,,Gitter,Email Newsletter,Twitter,,,,,,,I feel I somewhat belong,,More time to participate,More explicit roadmap,,2021-06-11 15:03:22,2021-06-11 15:10:14,166014b269
oe1jkuyq8y6bgvjn2oe1howvn1wf111s,Canada,English,,,,French,,,,,,,,,,,,,,Southeast Asian,non-binary,31 - 45,"Bachelor‚Äôs degree (B.A., B.S., B.Eng., etc.)",,Developer - back end,,,,,,,,,,,,,,,,,,,,,,,,,,,,,,,,,,,,,Digital humanities/library tech,,,,,,,,,,None,,1,20 to 29 years,News article,,,,,,,,,,Decentralization of the web + applications of linked data,I understand an average amount,,,,Read or participate in the Gitter chats,,"Write about Solid (blogs, articles, etc)",,,,Build Solid apps,,,,,,2,3,3,,Busy,,,,,,,,,,,,,,Email Newsletter,,,,,,,,I feel I somewhat belong,,Unsure,N/A,N/A,2021-06-11 13:50:25,2021-06-11 13:55:17,c2d9e985af
42qwo3qu7skt8q63id4kxz42qwoe9yaa,Belgium,English,,,Spanish,French,,,,,,,,"Hispanic, Latino or Spanish origin (Eg: Mexican or Mexican American, Puerto Rican, Cuban, Salvadoran, Dominican, Colombian, etc)",,,,,,,Masculine,31 - 45,"Master‚Äôs degree (M.A., M.S., M.Eng., MBA, etc.)",,,Developer - full stack,,,,,Designer - research,,,,,,,Data scientist or machine learning specialist,,,IT professional,,,,,,,,,,,,,,,,,,,,,Tools for thought,,,,,,,,,Alternative keyboards or mice,,,1,30 to 49 years,,Academia,Job relates to/uses Solid,,,,,,,,Redistribute power to the user,I am an expert in Solid,,,Read or participate in the forums,,,,,,,,,,I don't participate in the Solid community,,,2,2,2,,,,,,,,,I don‚Äôt feel welcome,,,,,Forums,,,,,,,,,,I don‚Äôt feel I belong,I feel the approaches are too dogmatic.,A less top-down organization.,I honestly don't know.,Embrace the usage other non-linked data technologies.,2021-06-11 13:00:50,2021-06-11 13:07:34,dc8add2d6d
z94yxv4rmp0lcr3iffbdtfz94yxv4rcq,Australia,English,,,,French,,,,,,,"White (Eg: German, Irish, English, Italian, Polish, French, etc)",,,,,,,,Male,31 - 45,"Other doctoral degree (Ph.D., Ed.D., etc.)",,,,,,,,,,,,,,,,,,,,,,,,,,,,,,,,,Academic researcher,,,,,,Water resource management,,,,,,,,,,None,,1,10 to 19 years,,,,,,,,,I can‚Äôt remember,,Decentralized storage with interoperability features,I understand it well,,,Read or participate in the forums,,,,,,,Build Solid apps,Test out Solid apps,,,,,5,,,,,,,,,,,,,,,Blog,Forums,,,,,,,,,,I feel I somewhat belong,,Less feeling that changes to the spec are out of sight and out of reach,,,2021-06-11 12:53:57,2021-06-11 13:01:44,673a8849b7
dwdiukkffe1hya3cb05mdwdiuir0sht0,Belgium,English,,,,French,,,,,,Dutch,"White (Eg: German, Irish, English, Italian, Polish, French, etc)",,,,,,,,male,31 - 45,"Other doctoral degree (Ph.D., Ed.D., etc.)",,Developer - back end,Developer - full stack,,,,,,,,,,,,Data scientist or machine learning specialist,,,IT professional,,,,,Writer - technical,,,Consultant,,,,,,,Academic researcher,Scientist,Educator,,General user,,IT,,,,,,,,,,None,,1,20 to 29 years,,Academia,,,,,,,,,Making all of our lives better,I am an expert in Solid,Contribute to the GitHub repositories,Contribute to the specifications,Read or participate in the forums,Read or participate in the Gitter chats,Read or discuss Solid on Twitter/Facebook/Reddit/other social media,"Write about Solid (blogs, articles, etc)",Attend Solid World,,Attend other live (virtual) Solid events,Build Solid apps,Test out Solid apps,,,,5,2,3,4,,Busy,,,,,,,,,,,Blog,,,Email Newsletter,Twitter,,,,,,,I feel like I belong,,More user-friendly tooling. Both Gitter and the forum feel archaic / have some friction.,"Clearer, more efficient communication. Knowing what will be communicated where.",Thanks for the survey!,2021-06-11 9:16:42,2021-06-11 11:33:21,af6ab472e5
7b3ypv0p0uqfj2xf96e05qf7b3ypv0vl,Belgium,English,,,Spanish,French,,,,,,,"White (Eg: German, Irish, English, Italian, Polish, French, etc)",,,,,,,,Male,31 - 45,"Master‚Äôs degree (M.A., M.S., M.Eng., MBA, etc.)",,,,,,,,,,,,,,,,,,,,,,,,,,,,,,,,,,,,,,Business Data Strategist,Financials,,,,,,,,,,None,,0,,,,,,Someone told me about it,,,,,,"It‚Äôs the future of datasharing, we want to be part of it and be ready for our clients",I understand it well,,,,,,,Attend Solid World,,,,,,,,,,,5,,,,,,,,,,,,,,,,,,,,,,,,I feel I somewhat belong,,"I suppose when it will be more concrete from a citizen persective, today it is really technical",,,2021-06-11 11:11:00,2021-06-11 11:18:56,d73c85b474
9waku1rlk44dll2hbhzk9waku1fb6h2o,Belgium,English,,,,,,,,,,,"White (Eg: German, Irish, English, Italian, Polish, French, etc)",,,,,,,,Man,18 - 30,"Bachelor‚Äôs degree (B.A., B.S., B.Eng., etc.)",,,,,,,,,,,,,,,,,,,,,,,,,,,,,,,,,,,,Student,,,Computer Sciences,,,,,,,,,,None,,1,Less than 5 years,News article,,,,,,,,,,Did a project with it for my Bachelor Thesis,I understand an average amount,,,Read or participate in the forums,,Read or discuss Solid on Twitter/Facebook/Reddit/other social media,,,,,Build Solid apps,,,,,,3,3,2,,Busy,,,,,,,,,,,,,,,,LinkedIn,,,,,,I feel I somewhat belong,,,,,2021-06-11 10:12:52,2021-06-11 10:18:22,065ce7e77f
hkwxtv3v25zls370aevxw175zhkwxtv3,Netherlands,English,,,,,,,,,,Dutch,,,,,,,,"I guess mostly white, with ""something foreign"" (technically half Asian) mixed in.",Male,Under 18,"Master‚Äôs degree (M.A., M.S., M.Eng., MBA, etc.)",,,,Developer - front end,,,,,,,,,,,,,,,,,,,,,,,,,,,,,,,,,,,Information technology,,,,On screen keyboard,,,,,,,,1,10 to 19 years,,,,,,Read about it on social media,,,,,I work at Inrupt :) (But also care about putting control of data back into people's hands.),I understand it well,,,Read or participate in the forums,,Read or discuss Solid on Twitter/Facebook/Reddit/other social media,"Write about Solid (blogs, articles, etc)",Attend Solid World,,,Build Solid apps,Test out Solid apps,,,,,4,4,3,,,,,,,Topics aren‚Äôt interesting to me,,,,I prefer to watch recordings of the events,,Blog,,,,Twitter,,,,,,,I feel like I belong,,,,,2021-06-11 10:05:37,2021-06-11 10:11:11,98a52f9e31
fe211ab5ks2f776izswfe211o2hecds3,Finland,English,,,,,Arabic,,,,,,,,"Black or African American (Eg: African American, Jamaican, Haitian, Nigerian, Ethiopian, Somalian, etc)",,,,,,Female,18 - 30,"Bachelor‚Äôs degree (B.A., B.S., B.Eng., etc.)",,,Developer - full stack,,,,,,,Designer - user interface,,,,,,,,,,,,Project manager,Writer - technical,,,Consultant,Entrepreneur,,,,,,,,,,,,Information Technology,,,,,,,,,,None,,1,5 to 9 years,,,,,Someone told me about it,,,,,,"Develop great solid apps, own like really own my data",I understand an average amount,,,Read or participate in the forums,Read or participate in the Gitter chats,Read or discuss Solid on Twitter/Facebook/Reddit/other social media,,Attend Solid World,Attend Women of Solid,,Build Solid apps,Test out Solid apps,Participate in user research,,,,4,4,4,,,,,,,,,,,,,Blog,,Gitter,,,,,,,,,I feel like an integral part of this community,,"to see people who look like me, around my age and with my prof experience","more people, less academic words and theories and more how to blogs and videos","it's a bit sad that we are struggling with money, time and other resources to push solid further in b2b, b2c. It feels like the core people focus more on the ""big boys"" (government and large corps) rather than the community but it does make sense why they do that (aka lack of resource)",2021-06-11 9:30:12,2021-06-11 9:38:23,5316c39797
q11uud1fptg482fafq11uud4vrh6yi36,New Zealand,English,,,,French,,,,,German,,"White (Eg: German, Irish, English, Italian, Polish, French, etc)",,,,,,,,Male,31 - 45,"Other doctoral degree (Ph.D., Ed.D., etc.)",,,,,,,,,,,,,,,Data scientist or machine learning specialist,,,,,,,,,,,,,,,,,,Academic researcher,Scientist,Educator,,General user,,Higher education,,,,,,,,,,None,,1,20 to 29 years,,Academia,,,,,,,,,Develop production apps using solid at scale to showcase alternative to platforms,I am an expert in Solid,,,Read or participate in the forums,,Read or discuss Solid on Twitter/Facebook/Reddit/other social media,"Write about Solid (blogs, articles, etc)",,,,Build Solid apps,,,,,,,,,Timezone issues (too early or too late),,,,Childcare barrier,,,,,,I prefer to watch recordings of the events,,Blog,,,,,,,,,,,I don‚Äôt feel I belong,I read and develop research prototypes but don't contribute back to the community,Local community to develop things together and share work,,,2021-06-11 9:30:52,2021-06-11 9:38:10,599dbeddbb
tszayy7u1a1b74kav93btszayese6rhd,Belgium,English,,,,French,,,,,,Dutch,"White (Eg: German, Irish, English, Italian, Polish, French, etc)",,,,,,,,male,31 - 45,"Master‚Äôs degree (M.A., M.S., M.Eng., MBA, etc.)",,,,,,,,,,,,,,,Data scientist or machine learning specialist,,,,,,,Project manager,,,,Consultant,Entrepreneur,,,Community organizer,,,,Scientist,,,,,IT,,,,,,,,,,None,,1,10 to 19 years,,,,Google/Internet search,,,,,,,"I see it as the better solution for giving people control over their data. 
I want to make this paradigm reality (as in: at least the default for Europe)",I am an expert in Solid,Contribute to the GitHub repositories,,Read or participate in the forums,Read or participate in the Gitter chats,Read or discuss Solid on Twitter/Facebook/Reddit/other social media,"Write about Solid (blogs, articles, etc)",Attend Solid World,,,Build Solid apps,,,,,3,4,4,5,Timezone issues (too early or too late),,,,,,,,,,,,Blog,,,Email Newsletter,Twitter,LinkedIn,,,,,,I feel like an integral part of this community,,I feel comfortable enough,That it becomes much much bigger,We need a group of people that actively pursues D-Sar requests to start filling their data-pods (so we need parsers that translates data to .ttl for the bigger and smaller data controllers out there).,2021-06-11 7:40:42,2021-06-11 7:52:52,c19bf6b9c7
of6kvkrkaclu820xrhof6k7w660y6oqk,United States of America,English,,,,,,,,,,,"White (Eg: German, Irish, English, Italian, Polish, French, etc)",,,,,,,,Male,46 - 64,Some college/university study without earning a degree,,Developer - back end,Developer - full stack,Developer - front end,,,,,,,,,,,,,,IT professional,,,Product - owner,,Writer - technical,,,Consultant,Entrepreneur,Marketing or sales professional,,,,,,,,,,,Web Development IT/Tech,,,,,,,,,,None,,1,20 to 29 years,,,,Google/Internet search,,,,,,,I would like to build apps on and spread the word about solid.,I understand it well,,,Read or participate in the forums,Read or participate in the Gitter chats,Read or discuss Solid on Twitter/Facebook/Reddit/other social media,"Write about Solid (blogs, articles, etc)",,,,Build Solid apps,Test out Solid apps,Participate in user research,,,,5,5,5,,,,,,,,,,,,I forget about them until an alert pops up on my phone.,Blog,Forums,Gitter,Email Newsletter,Twitter,LinkedIn,Facebook,,,,,I feel like I belong,,I would like to participate more in Solid World and work with a team working on the specifications.,More discussion around design and CRDTs and federated queries.,I want to participate more.,2021-06-11 7:09:38,2021-06-11 7:20:36,9a4066bcf9
7pzwlwpur3bej0a8937pzwl12aes2ltg,Austria,English,,,,,,,,,German,,"White (Eg: German, Irish, English, Italian, Polish, French, etc)",,,,,,,,She/Her,31 - 45,"Master‚Äôs degree (M.A., M.S., M.Eng., MBA, etc.)",,Developer - back end,,,,,,,,,,,,,,,,,,,,,,,,,Entrepreneur,,,,,,,,,,,,social entrepreneurship,,,,,,,,,,None,,1,10 to 19 years,,,,,,,,,,From Semantic Web experts and probably W3C,It inspires what the world can become,I understand an average amount,Contribute to the GitHub repositories,,,Read or participate in the Gitter chats,,,,Attend Women of Solid,,,,,,,3,2,4,3,,,,,,,,,,,,,Blog,,,Email Newsletter,,,,,,,,I feel I somewhat belong,,Contribute some more. Having a buddy is very helpful so far,A more newbie friendly atmosphere and processes/info,Good job!,2021-06-11 7:03:52,2021-06-11 7:15:20,9e60d644a8
uvkl3vit80kjvgoouvkl3v8quh9sjnj9,Belgium,English,,,,French,,,,,,Dutch,"White (Eg: German, Irish, English, Italian, Polish, French, etc)",,,,,,,,Male,18 - 30,"Secondary school (e.g. American high school, German Realschule or Gymnasium, etc.)",,,Developer - full stack,,,,,,,,,,,,,,,,,,,,,,,,,,,,,,,,,Student,,,,,,,,,,,,,None,,1,Less than 5 years,,Academia,,,,,,,,,,I understand it well,,,,,,,,,,,,,I don't participate in the Solid community,Did a student job where we developed a Solid app,,,,,,Busy,,,,,Topics aren‚Äôt interesting to me,,,I'm not interested in attending live Solid events,,,,,,Email Newsletter,,,,,Reddit,,,,,,,Everyone in the Solid community is doing great! Keep it up!,2021-06-11 6:57:55,2021-06-11 7:05:15,aa642f127b
nkylh3ybkto8unkylh4adhsh95yd04wm,United Kingdom of Great Britain and Northern Ireland,English,,,,,,,,,,,"White (Eg: German, Irish, English, Italian, Polish, French, etc)",,,,,,,,Male,46 - 64,Some college/university study without earning a degree,,,,,,,,,,,,,,Data or business analyst,,,,IT professional,,,,,,,,,,,,,,,,,,,,,Government,,,,,,,,,,None,,0,,News article,,,,,,,,,,Interested in the potential of decentralizing our information infrastructure,I understand a little about it,,,,,,,,,,,,,I don't participate in the Solid community,,,,,,,,,,,,,,,,,I wasn't aware of the events,Blog,,,Email Newsletter,,,,,Reddit,,,I don‚Äôt feel I belong,I'm not engaging; at the moment I am monitoring the technology.,"Although i'm an Information Architect, I feel intimidated by the perceived 'high entry bar'",,,2021-06-11 6:53:46,2021-06-11 7:01:01,63ee45c299
hy1neet1a3skjqlhy1ne3egm0y2bja0i,Denmark,English,,,,,,,,,,Danish,"White (Eg: German, Irish, English, Italian, Polish, French, etc)",,,,,,,,Male,18 - 30,"Secondary school (e.g. American high school, German Realschule or Gymnasium, etc.)",,Developer - back end,Developer - full stack,Developer - front end,,,,,,,,,,,,,,,,,,,,,,,,,,,,,,Scientist,,Student,,,Electronics,,,,,,,,,,None,,1,5 to 9 years,,,,,,,,,I can‚Äôt remember,,Mostly I want to combat tech giant's hold on the digital world,I understand an average amount,,,,,,,,,,,,,I don't participate in the Solid community,,,,,,,Busy,,,,,,,,,,,Blog,,,Email Newsletter,,,,,,,,I don‚Äôt feel I belong,I haven't really done anything - though I plan to contribute in the future,,,,2021-06-11 6:20:17,2021-06-11 6:36:00,9f2984934b
fmn7hea79wnqfjiq6nso9fmn7heasruo,Estonia,English,,,,,,,Russian,,German,Estonian,"White (Eg: German, Irish, English, Italian, Polish, French, etc)",,,,,,,,Male,31 - 45,"Master‚Äôs degree (M.A., M.S., M.Eng., MBA, etc.)",,,,,,,,,,,,,,,,,,,,,,,,,,,,,,,,,Academic researcher,,,,,,Health informatics,,,Screen magnifier,,,,,,Alternative keyboards or mice,,,1,10 to 19 years,,,,,Someone told me about it,,,,,,Decentralized data; personal control over data,I understand a little about it,,,,,,,,,,,,,I don't participate in the Solid community,Trying to learn about it,,,,,,,,,Childcare barrier,,,,,,I prefer to watch recordings of the events,,,,,Email Newsletter,,,,,,,,I feel I somewhat belong,,More documentation and application examples; I especially would like to read about multiple potential patterns of using Solid -- not just single user but instead how many users can make up a bigger whole than just the composition of each user alone.,More interplay with other technologies,I see tremendous potential in Solid,2021-06-11 5:25:05,2021-06-11 5:34:49,cedbcbd3a5
z61wrfd3po2838et9yrz61wrfd9p33u8,Spain,English,,,Spanish,,,,,,,Catalan,,"Hispanic, Latino or Spanish origin (Eg: Mexican or Mexican American, Puerto Rican, Cuban, Salvadoran, Dominican, Colombian, etc)",,,,,,,male,18 - 30,"Bachelor‚Äôs degree (B.A., B.S., B.Eng., etc.)",,,Developer - full stack,,,Developer - mobile,,,,,,,,,,,,,,,,,,,,,Entrepreneur,,,,,,,,,,,,education,,,,,,,,,,None,,1,10 to 19 years,,,,,,Read about it on social media,,,,"Tim's post ""One small step for the web""","app developer, user",I understand it well,Contribute to the GitHub repositories,,Read or participate in the forums,Read or participate in the Gitter chats,,,Attend Solid World,,,Build Solid apps,,,,,2,5,4,4,,,,,,,,,,,,,Blog,,,Email Newsletter,,,,,,,,I feel like I belong,,,,,2021-06-11 5:26:33,2021-06-11 5:31:03,9cf905ca91
esog2gbuub2p715u3fuesog2gcr3z02n,United States of America,English,,,,,,,,,German,,"White (Eg: German, Irish, English, Italian, Polish, French, etc)",,,,,,,,Genderqueer,31 - 45,"Bachelor‚Äôs degree (B.A., B.S., B.Eng., etc.)",,,,,Developer - desktop or enterprise applications,,,,,,,,,,,,System administrator,,,,,,,,,,,,,,,,,,,,,,Computer graphics,,,Screen magnifier,On screen keyboard,,,,,,,,1,20 to 29 years,News article,,,,,,,,,,Its emphasis on decentralization,I understand a little about it,,,,,,,,,,,,,I don't participate in the Solid community,,,2,1,2,,Busy,,,,Technology barrier (i.e. poor Internet connection),,,,,I prefer to watch recordings of the events,,Blog,,,Email Newsletter,,,,,,,,I don‚Äôt feel I belong,I‚Äôm just starting to learn about it,Not sure yet,Not sure yet,,2021-06-11 4:59:27,2021-06-11 5:05:16,3c3e43cbbe
e50smiryajyebxdc66e50smgjoco0gvu,New Zealand,English,,,,,,,,,,,"White (Eg: German, Irish, English, Italian, Polish, French, etc)",,,,,,,,male,46 - 64,"Bachelor‚Äôs degree (B.A., B.S., B.Eng., etc.)",,,,Developer - front end,,,,,,,Designer - graphics,,Designer - animation,,,,,IT professional,,,,Project manager,,,,Consultant,Entrepreneur,,,,,,,,,,,,visual effects,,,,,,,,,,None,,1,50 years or more,News article,,,,,,,,,,user based secure storage and privacy,I understand an average amount,,,Read or participate in the forums,,Read or discuss Solid on Twitter/Facebook/Reddit/other social media,,,,,,Test out Solid apps,,,,,5,,,Timezone issues (too early or too late),,,,,,,,,,,,Blog,,,Email Newsletter,,,,,,,,I don‚Äôt feel I belong,tyranny of distance,nothing springs to mind. I should get more involved I suppose,,,2021-06-11 3:15:29,2021-06-11 3:20:45,c26a6d5135
26ztjqag0r87osa46826ztg4mxtiletx,United States of America,English,,,,,,,,,,,"White (Eg: German, Irish, English, Italian, Polish, French, etc)",,,,,,,,Male,31 - 45,"Bachelor‚Äôs degree (B.A., B.S., B.Eng., etc.)",,,,,,,,,,,,,,,,,,,,,,,,,,,,,Communications professional,,,,,,,,,,Tech,,,,,,,,,,None,,0,,,,,,,,,Inrupt,,,"Want to see an internet that empowers people, rather than exploit them",I understand it well,Contribute to the GitHub repositories,,Read or participate in the forums,Read or participate in the Gitter chats,Read or discuss Solid on Twitter/Facebook/Reddit/other social media,"Write about Solid (blogs, articles, etc)",Attend Solid World,,,,,,,,3,2,2,3,,,,,,,,,,,,,,Forums,,,,,,,,,,I feel I somewhat belong,,,,,2021-06-11 2:36:46,2021-06-11 2:47:12,adeadefd54
r01zox633lsuwzbzr01zox9e3axe93cr,Brunei Darussalam,English,,,,,Arabic,,,,German,,,,,,,,,"Human being (E.g: of this planet ""Earth/Mars?"", Universe)",PII,Under 18,,"Web Weaving (WWW, HTTPS, IPFS, RFD, XML, HTML, CSS, etc.)",,,,,,,,,Designer - user interface,Designer - graphics,,Designer - animation,,,Database administrator,System administrator,IT professional,,,,,Writer - technical,Writer - copy/content,Writer - other,,,,,,Medical professional,Legal/Policy professional,Academic researcher,Scientist,Educator,Student,General user,Web weaver/eAIDter,WWW,,Screen reader,Screen magnifier,On screen keyboard,,Reading assistants,,,Alternative keyboards or mice,,,1,Less than 5 years,News article,,,Google/Internet search,,Read about it on social media,solidproject.org,Inrupt,,,"InterOp, Privacy, POD, Web SSO 
RDFa, dokieli, Turtle, Semantic Web, course correct, just to name the few...",I understand a little about it,Contribute to the GitHub repositories,,Read or participate in the forums,Read or participate in the Gitter chats,Read or discuss Solid on Twitter/Facebook/Reddit/other social media,"Write about Solid (blogs, articles, etc)",Attend Solid World,,,,Test out Solid apps,,,,4,4,3,3,Timezone issues (too early or too late),,,,,,,,,,,,Blog,Forums,Gitter,Email Newsletter,,,,,,,,I feel like I belong,,"When there is a flood of people adding my Solid card. _ Double dare you.
https://mdsolehinsabtu.solidcommunity.net/profile/card#me",Live sessions of people figuring out what is Solid? _ want to struggle together and grow,"The Future is so much more bigger than the past. Just made a website! No JS!
https://learnpastsole.srht.site/
Look stuff in my Solid POD!Me, wau...",2021-06-10 23:34:16,2021-06-11 0:48:50,4791c7d4fe
0bhyo2hbsdgtbet4t3jx30bhyo2r4myt,Jersey,English,,,,,,,,,,,"White (Eg: German, Irish, English, Italian, Polish, French, etc)",,,,,,,,male,31 - 45,"Master‚Äôs degree (M.A., M.S., M.Eng., MBA, etc.)",,,,,,,,,,,,,,,,,,,,,,,,Writer - copy/content,,,,,Communications professional,,,,,,,,,,multiple,,,,,,,,,,None,,1,Less than 5 years,News article,,,,,,,,,,privacy and control of personal data,I understand a little about it,,,,,,,,,,,,,I don't participate in the Solid community,,,,,,,,,,,,,Topics are too complex,,,,,,,,Email Newsletter,,,,,,,,I don‚Äôt feel I belong,i don't participate,,Better comms targeted towards interested laypeople,,2021-06-10 23:26:58,2021-06-10 23:32:18,c11f8eb2f8
go8t4eyorwosuen1go8t5pru1xcqd8th,United States of America,English,,,,,,,,,,,"White (Eg: German, Irish, English, Italian, Polish, French, etc)",,,,,,,,Male,18 - 30,Some college/university study without earning a degree,,,,,,,,,,,,,,,,,,,,,Product - owner,,,,,,Entrepreneur,,,,,,,,,,,,Construction + Working on a media platform similar to YouTube.,,,,,,,,,,None,,1,5 to 9 years,,,Job relates to/uses Solid,,,,,,,,"The idea of the ‚Äúpersonal API‚Äù that will be central to the lives of individuals and households as programming of the environment and life itself become all too common. Solid has the potential to change the way data is stored, accessed and used in such a way that the idea of the personal API could become as normal as the smart phone. Outside the obvious privacy potentialities of solid we can also explore the ideas of different network architectures. Does solid have a place in decentralized network? A hybrid network of sorts where pods can be strategically placed as to make for suitable CDNs where users can allocate and offer pod storage space to contribute to the network.",I understand an average amount,,,Read or participate in the forums,,Read or discuss Solid on Twitter/Facebook/Reddit/other social media,,,,Attend other live (virtual) Solid events,,,,,,,2,2,4,,,,,,,,,,,I prefer to watch recordings of the events,,,Forums,,,,,,,Reddit,,,I don‚Äôt feel I belong,"Very new to the technology. Seen it a few times on Reddit/Hackernews, but finally did a deeper dive a couple of months ago and have been somewhat interested.","No complaints so far, I‚Äôm not as technical, a focus outside of just the technology might be interesting. Like I said, no complaints thus far.","Would love to see a more active community in general, especially on Reddit. More Videos, especially with TBL. Possibly a video series that times stamps the biggest news in solid and acts as a history reel for those coming to the technology. Solid lacks
In content and clarity sometimes.",Nope,2021-06-10 22:39:18,2021-06-10 23:12:24,ab923e2245
9xoiiqr1cnf9c98zr49xoiiqdsd36bfc,Australia,English,,,,French,,,Russian,,German,Japanese,"White (Eg: German, Irish, English, Italian, Polish, French, etc)",,,,,,,,agender,31 - 45,"Master‚Äôs degree (M.A., M.S., M.Eng., MBA, etc.)",,,,,,,,,,,,,,,,,,,,,,,,,,,,,,,,,,,,,,Data & Knowledge Engineer,Healthcare,,,,,,,,,,None,,1,10 to 19 years,,,,Google/Internet search,,,,,,,"I think it is a great idea, as someone who works with knowledge graphs and values online privacy. I am curious about how the idea will spread enough to catch on with the average person, or at least to develop enough momentum to change how we use our data online - which I do believe is achievable.",I understand an average amount,,,Read or participate in the forums,,Read or discuss Solid on Twitter/Facebook/Reddit/other social media,,,,,,,,,,,3,,,Timezone issues (too early or too late),,,,,,,,,,,,,Forums,,Email Newsletter,Twitter,,,,,,,I feel I somewhat belong,,I'm more of a lurker type until I have a good understanding of the tech and community enough to see where and how I could contribute in a way that is productive - I'm currently too time-poor to reach this comfort level.,,,2021-06-10 22:46:03,2021-06-10 22:52:54,209d9a3268
9ijutm9bfl6796mfcv9gz9ijutmsesju,Germany,English,,,,,,,,,German,,"White (Eg: German, Irish, English, Italian, Polish, French, etc)",,,,,,,,Woman,46 - 64,Some college/university study without earning a degree,,,,,,,,,,,Designer - graphics,,,,,,,,,,,,,,,,,,,,,,,,,,,,Health and Design,,,,,,,,,,None,,0,,,,,,,,,,,ProtonVPN,Future goods in privacy,I don‚Äôt understand it at all,,,,,Read or discuss Solid on Twitter/Facebook/Reddit/other social media,,,,,,,,,Read,,1,1,3,,,,,,,,,,,,"Don‚Äôt understand, too many terms for specialists",,,,Email Newsletter,,,,,,,,I feel I somewhat belong,,Easy language for tech dummies,Accessibility,It sounds like a huge change.,2021-06-10 21:47:26,2021-06-10 21:54:39,8c76596581
oeqwgovfmoihzt3fg9fbcoeqwg2bo95q,Australia,English,,,Spanish,,,,,,,,"White (Eg: German, Irish, English, Italian, Polish, French, etc)",,,,,,,,Female,46 - 64,"Master‚Äôs degree (M.A., M.S., M.Eng., MBA, etc.)",,,Developer - full stack,,,,,,,,,,,,,,,,,,,,,,,,,,,,,,,,,,,,"eCommerce, Software",,,,,,,,,,None,,1,30 to 49 years,,Academia,,,,,,,,,Personal control over our data,I understand it well,Contribute to the GitHub repositories,,Read or participate in the forums,Read or participate in the Gitter chats,,,,Attend Women of Solid,,Build Solid apps,Test out Solid apps,,,,5,5,5,5,Timezone issues (too early or too late),,,,,,,,,,,,Blog,Forums,Gitter,Email Newsletter,,,,,,,,I feel like an integral part of this community,,it's a place where everyone is welcome and can express themselves. It has felt like that from the beginning and given you are doing this survey just shows the commitment you have to making sure this is the case and remains the case for the future. Well done!,"it would be great if somehow Australia timezone could be included in Solid World.  Not sure if this could be possible (maybe 1/2 of the year perhaps, when timezone is more forgiving)","Thanks for putting this together, great community and great job in your effort to keep it that way.",2021-06-10 21:41:35,2021-06-10 21:51:23,d4b9134948
0c9jvmo1escnoq6gtr6fm0c9jvmoqn8z,United States of America,English,,,,,,,,,,,"White (Eg: German, Irish, English, Italian, Polish, French, etc)",,,,,,,,female,46 - 64,"Associate degree (A.A., A.S., etc.)",,,,,,,,,,,,,,,,,,,,,,,,,,,,,,,,,,,,,General user,,publishing,,,,,,,,,,None,,0,,,,,,,Read about it on social media,,,,,Following along as this develops and hopefully learning something new. (A wannabe coder.),I understand an average amount,,,,,,,,,,,,,I don't participate in the Solid community,,,,,,,Busy,,,,,,Topics are too complex,,,,,,,,Email Newsletter,,,,,,,,I don‚Äôt feel I belong,Lack of knowledge of the subject.,A way that would include an interested but inexperienced community.,See answer to question 22.,,2021-06-10 21:13:41,2021-06-10 21:23:54,56ed2b45f1
88wvqz2t66himl4ihx88wvqcblpp024e,Switzerland,English,,,,,,,,,German,Czech,"White (Eg: German, Irish, English, Italian, Polish, French, etc)",,,,,,,,male but not strongly attached to my gender,18 - 30,"Bachelor‚Äôs degree (B.A., B.S., B.Eng., etc.)",,Developer - back end,,,,,,,,,,,,,Data scientist or machine learning specialist,,,,,,,,,,,,,,,,,,,,,Student,,,moving from software engineering to AI,,,,,,,,,,None,,1,10 to 19 years,,,,,,Read about it on social media,solidproject.org,,,,personal knowledge graph; one home for my data; having all my data work together for me,I understand it well,Contribute to the GitHub repositories,,,,,,Attend Solid World,,,Build Solid apps,,,,,4,4,5,4,,,,,,,,,,,,none; I've attended Solid events.,,Forums,Gitter,,Twitter,,,,Reddit,,,I feel like I belong,,,"regarding diversity/inclusion I think it's great Solid is proactive and personally don't see anything to improve on that front. the main things I'd like to see from Solid community would be better support for languages other than JS, clearer roadmap and docs.",,2021-06-10 20:30:21,2021-06-10 20:35:46,5a04e4acd5
babyab1zydrlx7vltbfbabyab1mzlaq3,United States of America,English,Mandarin,,,,,,,,,,,,,,,,,,Female,18 - 30,"Bachelor‚Äôs degree (B.A., B.S., B.Eng., etc.)",,,,,,,,Designer - research,Designer - user experience,Designer - user interface,,,,,,,,,,,,,,,,,,,,,,,,,,,,,"IT, manufacturing",,,,,,,,,,None,,1,5 to 9 years,,,,Google/Internet search,,,,,,,How it works and its impact to the future,I understand an average amount,,,Read or participate in the forums,Read or participate in the Gitter chats,Read or discuss Solid on Twitter/Facebook/Reddit/other social media,,,,,,,,,,,,,,,Busy,,,,,,,,,,,Blog,,,,,LinkedIn,,Instagram,,,,I feel I somewhat belong,,Most of the topics are too technical. Would be great to have more opportunities to help me learn more,,,2021-06-10 20:28:36,2021-06-10 20:33:46,302c894cc1
lrx9tlpmsyfap6vlrx9trbsstaywq0co,United Kingdom of Great Britain and Northern Ireland,English,,,,,,,,,,,"White (Eg: German, Irish, English, Italian, Polish, French, etc)",,,,,,,,Male,31 - 45,"Master‚Äôs degree (M.A., M.S., M.Eng., MBA, etc.)",,,,,,,,,,,,,,,,,,,,,,,,,,,,,,,,,,Scientist,,,,,Regenerative Medicine,,,,,,,,,,None,,1,Less than 5 years,News article,,,Google/Internet search,,,,,,,Take the power back! Decentralised social media,I don‚Äôt understand it at all,,,,,,,,,,,,,I don't participate in the Solid community,,,,,,,,,,,,,,,,,,,,,Email Newsletter,,,,,,,,I don‚Äôt feel I belong,"It is technical, so perhaps too early stage for me; 100% behind it though!",Not sure I'm needed yet- will use social media when its ready,Get distributed social media operational please!!,Keep up the good work üí™!,2021-06-10 20:00:34,2021-06-10 20:08:15,66d04f8039
er34mg4nxjflungurer34mqk53pijghr,Norway,English,,,,,,,,,German,"Norwegian, Swedish, Danish","White (Eg: German, Irish, English, Italian, Polish, French, etc)",,,,,,,,Male,46 - 64,"Other doctoral degree (Ph.D., Ed.D., etc.)",,Developer - back end,,,,,,,,,,,,,,,,,,,,,Writer - technical,,,,,,,Community organizer,,,Academic researcher,Scientist,,,,,ICT,,,,,,,,,,None,,1,30 to 49 years,,,,,,,,,,Been bouncing around the Semantic Web community,As a technology for socio-technical transformation,I am an expert in Solid,Contribute to the GitHub repositories,Contribute to the specifications,,Read or participate in the Gitter chats,Read or discuss Solid on Twitter/Facebook/Reddit/other social media,,,,Attend other live (virtual) Solid events,,,,,,5,4,,5,,Busy,,,Childcare barrier,,,,,,,,Blog,Forums,,,,,,,,,,I feel like I belong,,We should probably discuss socio-technical issues more openly.,,,2021-06-10 19:54:07,2021-06-10 20:03:40,29d0ac470e
49o7nqyuefmnn4n65xdv49o7np8uwxgd,United States of America,English,,,,,,,,,,,"White (Eg: German, Irish, English, Italian, Polish, French, etc)",,,,,,,,Male,46 - 64,"Bachelor‚Äôs degree (B.A., B.S., B.Eng., etc.)",,,,,,,,,,,,,,,,,,,,,,,,Writer - copy/content,,,,,,,,,,,,,,,Podcasting,,Screen reader,,On screen keyboard,,Reading assistants,Speech input,,,,,1,10 to 19 years,,,,,,,solidproject.org,,,,Create awareness and connect creative thinkers with devs and funders,I understand it well,,,Read or participate in the forums,,Read or discuss Solid on Twitter/Facebook/Reddit/other social media,"Write about Solid (blogs, articles, etc)",Attend Solid World,,,,,,,,,5,4,4,,,,,,,,,,,,,Blog,Forums,,Email Newsletter,Twitter,,,,,,,I feel I somewhat belong,,A better balance between humanity and technology. Your efforts seem to be dev heavy and lacking an overall vision other than Tim Berners Lee,A better front end to drive awareness before the launch that matches the possibilities of the backend.,I have a podcast TheEmergence.io and spend quite a bit of time talking about Solid. Have tagged you before. I've also spent three years looking at your Github feeds and just get a little bit of an elite club vibe. I believe in your vision but a unified front seems to be missing. At least in my eyes.,2021-06-10 18:49:09,2021-06-10 19:37:09,4efe6f220a
kik7vlf7ut40lskjv74wsflkik7vlc4d,United States of America,English,,,,,,,,,,,"White (Eg: German, Irish, English, Italian, Polish, French, etc)",,,,,,,,Non-binary/genderfluid,31 - 45,"Bachelor‚Äôs degree (B.A., B.S., B.Eng., etc.)",,,,,,,,,,,,,,,,,,,,,Product - owner,Project manager,,,,Consultant,Entrepreneur,,,Community organizer,,,,,,,General user,,Software development,,,,,,,,,,None,,0,,,,,,Someone told me about it,,,,,,Using Solid to develop tools and apps for non-technical users who want to build on personal datastores,I understand an average amount,,,,Read or participate in the Gitter chats,Read or discuss Solid on Twitter/Facebook/Reddit/other social media,,Attend Solid World,Attend Women of Solid,,Build Solid apps,Test out Solid apps,,,,,4,2,4,Timezone issues (too early or too late),Busy,,,,,,,,,,,Blog,,,Email Newsletter,Twitter,,,,,,,I feel I somewhat belong,,"More discussions around non-technical aspects of building with Solid (product research, use cases, user research, design, community building, UX, creating content, etc)",More non-technical/product-focused people involved. We need more people building apps that people want to use (and pay for!) for more traction in the developer community,,2021-06-10 18:43:37,2021-06-10 18:49:00,5d1e82080a
rriguwetu5a661qhrriguv9l0hn0z417,Belgium,English,,,,French,,,,,,Dutch,"White (Eg: German, Irish, English, Italian, Polish, French, etc)",,,,,,,,Male,,"Master‚Äôs degree (M.A., M.S., M.Eng., MBA, etc.)",,,,,,,,,,,,,,,,,,,,,,,,,,Consultant,,,,,,,,,,,,,Govtech,,,,,,,,,,None,,1,20 to 29 years,,,Job relates to/uses Solid,,,,,,,,Professional - consultancy projects at Flemish Government,,,,,,Read or discuss Solid on Twitter/Facebook/Reddit/other social media,,Attend Solid World,,Attend other live (virtual) Solid events,,,,,,,2,,5,,Busy,,,,,,,,,,,Blog,,,Email Newsletter,Twitter,LinkedIn,Facebook,,,,,I feel like an integral part of this community,,More local branches,See previous,,2021-06-10 18:42:07,2021-06-10 18:46:51,bfdd2e2e46
ck2cg53wutzi5cp57y2ck2cg53wat4nc,Algeria,English,,,,French,,,,,,,,,,,,"Middle Eastern or North African (Eg: Lebanese, Iranian, Egyptian, Syrian, Moroccan, Algerian, etc)",,,Man,31 - 45,"Other doctoral degree (Ph.D., Ed.D., etc.)",,,Developer - full stack,,,,,,,,,,,,,,,,,,,,,,,,,,,,,,Academic researcher,Scientist,Educator,,,,Recommender Systems,,,,,,,,,,None,,1,10 to 19 years,,,,Google/Internet search,,,,,,,"Data ownership, Privacy, Decentralized Web, Innovation, Semantic Web, Transparency, Profile portability",I understand it well,,,,Read or participate in the Gitter chats,,,,,Attend other live (virtual) Solid events,Build Solid apps,,,,,,4,5,5,,Busy,,,,,,,,,,,,,,Email Newsletter,,LinkedIn,,,,,,I feel I somewhat belong,,Alternative languages (like French),,,2021-06-10 18:33:30,2021-06-10 18:44:46,ee4a2a54fc
yxhnubneeo47beyxhnubymefind8axxi,United Kingdom of Great Britain and Northern Ireland,English,,,,French,,,,,German,Danish,"White (Eg: German, Irish, English, Italian, Polish, French, etc)",,,,,,,,I don't,46 - 64,"Bachelor‚Äôs degree (B.A., B.S., B.Eng., etc.)",,,,,,,DevOps specialist,,,,,,,,,,,,,,,,,,,,,,,,,,,,,,,,Solid,,,,,,,,,,,Huge screen,1,30 to 49 years,,,,,,,,Inrupt,,,Allow the world to store data safely and under their control,I am an expert in Solid,,,Read or participate in the forums,Read or participate in the Gitter chats,,,Attend Solid World,,Attend other live (virtual) Solid events,Build Solid apps,,,,,,5,5,5,,Busy,,,,,,,,,,,Blog,Forums,Gitter,,Twitter,LinkedIn,Facebook,,Reddit,TikTok,Everywhere,I feel like I belong,,I feel fine thanks,More Solid being used for real problems,Thanks for asking,2021-06-10 18:27:22,2021-06-10 18:32:23,f7d5d5fbf1
wpjpg9mttduhpzv00wpjpgjhihur9wtg,Belgium,English,,,Spanish,French,,,,,,Dutch,"White (Eg: German, Irish, English, Italian, Polish, French, etc)",,,,,,,,Male,18 - 30,"Bachelor‚Äôs degree (B.A., B.S., B.Eng., etc.)",,,,,,,,,,,,,,,,,,,,,,,,,,,,,,,,,,,,Student,,,Computer Science,,,,,,,,,,None,,1,10 to 19 years,News article,Academia,,,Someone told me about it,,solidproject.org,,,,,I understand an average amount,,,,,Read or discuss Solid on Twitter/Facebook/Reddit/other social media,"Write about Solid (blogs, articles, etc)",,,,Build Solid apps,Test out Solid apps,Participate in user research,,,,3,3,1,Timezone issues (too early or too late),Busy,,,,,,,I don‚Äôt feel welcome,,,,Blog,,,Email Newsletter,Twitter,,,,,,,I feel I somewhat belong,,,,,2021-06-10 18:28:38,2021-06-10 18:31:37,352ce2847e
6y2bg5xpam2s4ug6y2bgmy9wi1ywjpwn,Belgium,English,,,,French,,,,,,Dutch,"White (Eg: German, Irish, English, Italian, Polish, French, etc)",,,,,,,,Male,46 - 64,"Master‚Äôs degree (M.A., M.S., M.Eng., MBA, etc.)",,,,,,,,,,,,,,Data or business analyst,,,,,,,,,,,,Consultant,,,,,,,,,,,,,Finance,,,,,,,,,,None,,1,30 to 49 years,,,,,,,,,I can‚Äôt remember,,How will it be used,I understand a little about it,,,,,,,,,,,,,I don't participate in the Solid community,,,,,,,,,,,,,,,I'm not interested in attending live Solid events,,,,,,Email Newsletter,,,,,,,,,,,,,2021-06-10 18:23:20,2021-06-10 18:27:56,b31dfae3a2
bbror1cmsvio6p28bbrohbnzuzd7dn3w,Peru,English,,,Spanish,French,,,,,,,"White (Eg: German, Irish, English, Italian, Polish, French, etc)",,,,,,,,male,46 - 64,"Master‚Äôs degree (M.A., M.S., M.Eng., MBA, etc.)",,,,,,,,,,,,,,,,,,,,,,,,,,,,,,,,,,,,,,Independent Researcher,"Semantic Web, Knowledge Graphs",,,,,,,,,,None,,1,20 to 29 years,,,,Google/Internet search,,,,,,,The definition/construction of Personal Knowledge Graphs,I understand an average amount,,,Read or participate in the forums,,,,Attend Solid World,,,,,,,,,4,,4,,,,,,,,,,,,"Not proficient Javascript coding, No portability to Python code",Blog,Forums,,Email Newsletter,Twitter,LinkedIn,,,,,,,,"Portability to Python, include Python libraries for interacting with SOLID",Include Python libraries for interacting with SOLID,,2021-06-10 18:09:17,2021-06-10 18:26:06,90a93053e6
l01h8a1u0g7lx58a67l01h8o3vhx0uze,United States of America,English,,,,French,,,,,German,,"White (Eg: German, Irish, English, Italian, Polish, French, etc)",,,,,,,,male. no adjectives nor asterisks.,65+,"Bachelor‚Äôs degree (B.A., B.S., B.Eng., etc.)",,,,,,,,,,,,,,,,,,,,,,,,,,,Entrepreneur,,,,,,,,,,,,renewable energy,,,,,,,,,,None,,1,50 years or more,News article,,,,,,,,,,"o/s for secure, standalone, zero-infrastructure kiosk / monitor / uplink.",I understand a little about it,,,Read or participate in the forums,,,,,,,,Test out Solid apps,,,,,1,1,1,,,,,,,,,,,,I don't know the half of what I need to.,Blog,,,Email Newsletter,,,,,,,,I feel like I belong,,"Examples from trivial to complex. ""we"" need some one like Paul Hudson in Swift, or Boswell as in Johnson.",See above.,"Keep on keepin' on!  The venture is clearly pre-alpha release. Been there, done that.",2021-06-10 17:56:57,2021-06-10 18:13:32,7711f83a76
xhd3gk4i44lm8hwiwj7yexhd3gk44typ,United Kingdom of Great Britain and Northern Ireland,English,,,,,,,,Portuguese,,,"White (Eg: German, Irish, English, Italian, Polish, French, etc)",,,,,,,,Male,,"Master‚Äôs degree (M.A., M.S., M.Eng., MBA, etc.)",,,Developer - full stack,,,,,,,,,,,,,,,,,,,,,,,,,,,,,,,,,,,,Gaming,,,,,,,,,,None,,1,,,,,,,,solidproject.org,,I can‚Äôt remember,,"A better data model for the Web created by the inventor of the Web, Tim Berners-Lee.",,,,,,,,,,,,,,I don't participate in the Solid community,,,5,5,4,Timezone issues (too early or too late),Busy,,,,,,,,,,,Blog,Forums,,Email Newsletter,,,,,,,,I don‚Äôt feel I belong,I don't participate or know enough about Solid,If I decided to get more actively involved in it,,,2021-06-10 17:59:50,2021-06-10 18:05:53,8d3d8fec28
49crwaovd086d8wmtomlj49crwaovd7q,United States of America,English,,,,,,,,,,,,,,,,,,,I was born a male and I try to act like a man but I don't look good in spandex,46 - 64,"Bachelor‚Äôs degree (B.A., B.S., B.Eng., etc.)",,,,,,,,,,,,,,,,,,,,,,,,,,,,,,,,,,,,,General user,,retired,,,,,,,,,,None,,1,30 to 49 years,,,,,,,,,I can‚Äôt remember,,I hope that it will be the basis of the web we want,I understand an average amount,,,Read or participate in the forums,,,,,,,,,,,,,4,2,2,,,,,,,,,,,I prefer to watch recordings of the events,,Blog,Forums,Gitter,,,,,,,,,I don‚Äôt feel I belong,"I am not able to understand, beyond broad outlines, how Solid will fit into the context of the larger world in terms of current events, and attempts to do so seem to be discouraged.  This makes me wonder which side of the great divide Solid is on.  That divide is not one of gender or race, but of class, and by that I don't mean your level of educational achievement or how you dress or how you pronounce words, but I mean in the Marxist sense of how you put bread on your table and how you feel about that.  Is Solid aligned with this ""great reset"" move towards technocracy?  Is Solid planned as the basis of a social credit system with a supposed human face?  I have the feeling that such direct questions are thought polarizing and thus strongly discouraged.  Maybe they *are* polarizing, one percent versus 99 percent.  But for the 99 they need a clear and loud answer to inspire the effort needed to develop software.  For these reasons I feel I don't belong.",To know more about where Solid fits into the larger world,"I see the W3C as a corporate dominated body, and as such I think it has and/or will have too much control over Solid, which I see as the emerging web we want, we being the 99% outside corporate decision making.",,2021-06-10 17:33:06,2021-06-10 17:59:39,f446e6f483
zq6ekf1n0ad4w54m1zq6ev4tkiyqoiqk,Sweden,English,,,,,,,,Portuguese,,,"White (Eg: German, Irish, English, Italian, Polish, French, etc)","Hispanic, Latino or Spanish origin (Eg: Mexican or Mexican American, Puerto Rican, Cuban, Salvadoran, Dominican, Colombian, etc)",,,,,,,Man,18 - 30,"Bachelor‚Äôs degree (B.A., B.S., B.Eng., etc.)",,Developer - back end,Developer - full stack,,,,,,,,,,,,,,,,,,,,,,,,,,,,,,,,,,,,HR,,,,,,,,,,None,,1,10 to 19 years,News article,Academia,,Google/Internet search,,,solidproject.org,,,,"I want to see Solid become a strong standard and set of tools applied globally, and I want to work with Solid to build personal digital assistants in Smart Cities.",I understand an average amount,,,Read or participate in the forums,,Read or discuss Solid on Twitter/Facebook/Reddit/other social media,,Attend Solid World,,Attend other live (virtual) Solid events,,,Participate in user research,,,,4,4,5,,,,,,,,,,,,,,,,Email Newsletter,Twitter,,,,,,,I feel like I belong,,"I need to read and learn more about some of the deeper topics (like interoperability, RDF, federated distributed systems) before I feel comfortable collaborating or even following along with some discussions and events around the community.","I would like to see more events in general. I would also like to see more real cases of fairly big projects and services (new or existing) being (re)imagined on top of Solid to a bigger extent, to really see the challenges that will come up.","The Solid Project could also try to look for people who are fairly active voices in the bigger area around the community (people who often mention Solid on Twitter, for example), and collaborate with them to bring stronger messages, like promoting events and small conferences with those people. Basically, this could create a wider network of people who can share proper interpretations and messages together with the project without big commitments or bureaucracy.",2021-06-10 17:14:59,2021-06-10 17:33:53,297890bbd0
eiiydla7jaw806aj9geiiydx96q4fnvt,Sweden,English,,,,,,,,,,swedish,"White (Eg: German, Irish, English, Italian, Polish, French, etc)",,,,,,,,Man,18 - 30,"Secondary school (e.g. American high school, German Realschule or Gymnasium, etc.)",,,,,,,,,,,,,,,,,,,,,,,,,,,,,,,,,,,,Student,,,,Braille display,Screen reader,,,,,,,,,,1,5 to 9 years,,,,,Someone told me about it,,,,,,,I understand an average amount,,,,,,,,,,,,,,,,,,,,,,,,,,,,,,,,,,Email Newsletter,,,,,,,,I feel like an integral part of this community,,,,,2021-06-10 17:21:12,2021-06-10 17:28:49,0b5639415b
c1gnq6tlmursz99c1c7glf6beqdv8m4l,,English,,,,,,,,,,,"White (Eg: German, Irish, English, Italian, Polish, French, etc)",,,,,,,,Male,46 - 64,"Bachelor‚Äôs degree (B.A., B.S., B.Eng., etc.)",,,Developer - full stack,,,,,,,,,,,,,,,IT professional,,,,,,,,,,,,,,,,,,,,,IT,,,,,,,,,,None,,1,30 to 49 years,,,,,Someone told me about it,,,,,,Individual control of personal data.,I am an expert in Solid,Contribute to the GitHub repositories,Contribute to the specifications,Read or participate in the forums,,,,Attend Solid World,,Attend other live (virtual) Solid events,Build Solid apps,Test out Solid apps,,,,5,4,4,4,,,,,,,,,,,,Nothing prevents me - I do attend.,Blog,,,Email Newsletter,,,,,,,,I feel like I belong,,I already am comfortable.,Maybe some industry engagement.,Great questionnaire :) !,2021-06-10 17:14:23,2021-06-10 17:21:41,9fb4e381d9
x5kst67kzcutexur9x5kst6rjrwirmme,Belgium,English,,,,,,,,,,,"White (Eg: German, Irish, English, Italian, Polish, French, etc)",,,,,,,,Male,31 - 45,"Bachelor‚Äôs degree (B.A., B.S., B.Eng., etc.)",,Developer - back end,Developer - full stack,,,,,,,,,,,,,,,IT professional,,,,,,,,,,,,,,,,,,,,,Green energy,,,,,,,,,,None,,1,10 to 19 years,News article,,,,Someone told me about it,Read about it on social media,,,,,Technical,I understand a little about it,,,,,,,Attend Solid World,,,,,,,,,2,3,2,,Busy,,,,,,,,,,,,,,Email Newsletter,,,,,,,,I don‚Äôt feel I belong,"Not participating, so not investing a lot of my time in it.",Local meetups in person,,,2021-06-10 17:13:29,2021-06-10 17:18:43,014ff46480
8thoa9s49e5kn2q8thofsmwn9bfg8z1i,United Kingdom of Great Britain and Northern Ireland,English,,,,French,,,,,,,"White (Eg: German, Irish, English, Italian, Polish, French, etc)",,,,,,,,Male,46 - 64,Some college/university study without earning a degree,,,,,,,,,,,,,,,,,,,,,,,,,,,,Marketing or sales professional,,,,,,,,,,,Computer software,,,,,,,,,,None,,0,,,,,,Someone told me about it,,,,,,Business and personal,I am an expert in Solid,,,Read or participate in the forums,,Read or discuss Solid on Twitter/Facebook/Reddit/other social media,,Attend Solid World,,,,,,,,,2,1,5,,,,,,,Topics aren‚Äôt interesting to me,,,,,,,,,Email Newsletter,,,,,,,,I feel like I belong,,Having a broader business community,Not sure,No,2021-06-10 17:11:37,2021-06-10 17:16:17,19000a384e
nflq43rvg5nczabknflq43k08f9lnnfz,United States of America,English,Mandarin,,,,,,,,German,,"White (Eg: German, Irish, English, Italian, Polish, French, etc)",,,,,,,,Agender,31 - 45,"Bachelor‚Äôs degree (B.A., B.S., B.Eng., etc.)",,Developer - back end,,,,,,,,,,,,,,,,,,,,,,,Writer - other,,,,,,,,,,,,General user,,Information Technology,,Screen reader,Screen magnifier,,,,,,,,,1,20 to 29 years,,,,,,,solidproject.org,,,,To decentralize information and free people from the browser.,I understand it well,,,,,,"Write about Solid (blogs, articles, etc)",,,,Build Solid apps,,,,,,,2,3,,,,,,,,,,,,I prefer text.,Blog,,,Email Newsletter,,,,,,,Anything with an ATOM feed that isn't real-time and I can access without some awful web app,I feel I somewhat belong,,Less reliance on browser-only apps,"Less gitter, more IRC or XMPP or Matrix or something.",Solid desperately needs server side transformations. The emphasis on JavaScript is harmful. It would be great if we could produce formats that existing tools can read FROM linked data and uploaded artifacts in a standard way.,2021-06-10 17:09:52,2021-06-10 17:16:08,8fbf67c3cf
3y34nik2c4osp0uz41j3y3fg4naggpdm,France,English,,,,French,,,,,,,"White (Eg: German, Irish, English, Italian, Polish, French, etc)",,,,,,,,male,18 - 30,"Other doctoral degree (Ph.D., Ed.D., etc.)",,Developer - back end,,,,,,,,,,,,,Data scientist or machine learning specialist,,,,,,,,,,,,,,,,,,,,,,,,?,,,,,,,,,,None,,1,5 to 9 years,,Academia,,,,,,,,,it‚Äôs useful for the free software movement (my opinion),I understand an average amount,,,Read or participate in the forums,,,,,,,,,,,,,3,1,,,,,,,,,,,,,,Blog,Forums,,,,,,,,,,I feel like I belong,,Having more time to spend on the forum :),,"The Solid community depends too much on Github aside from code (chat, issues, discussions, ...)",2021-06-10 16:56:36,2021-06-10 17:14:14,a11dfb90b4
iwiee6jmvuwwkgpiwiozb325kisonzbx,United States of America,English,,,Spanish,,,,,,German,,"White (Eg: German, Irish, English, Italian, Polish, French, etc)",,,,,,,,him,46 - 64,"Master‚Äôs degree (M.A., M.S., M.Eng., MBA, etc.)",,,,,,,,,,,,,,,,,,,,,,,,,,,,,,,,,,,,,General user,,tech,,,,,,,,,,None,,1,30 to 49 years,,,,,Someone told me about it,,,,,,general,I understand an average amount,,,Read or participate in the forums,Read or participate in the Gitter chats,Read or discuss Solid on Twitter/Facebook/Reddit/other social media,,Attend Solid World,,Attend other live (virtual) Solid events,,,,,,,1,2,5,,,,,,,,,,,,I attend them,Blog,,Gitter,Email Newsletter,,,,,,,,I feel I somewhat belong,,physical meetups,more geographic representation,no,2021-06-10 17:09:06,2021-06-10 17:13:16,7a62526927
ikjy66oajfcxf56htikjy6t1m7909rt0,Germany,English,,,,,,,,,German,,"White (Eg: German, Irish, English, Italian, Polish, French, etc)",,,,,,,,female,46 - 64,"Master‚Äôs degree (M.A., M.S., M.Eng., MBA, etc.)",,Developer - back end,Developer - full stack,,Developer - desktop or enterprise applications,Developer - mobile,,,,,,,,,,,,,,,,,,,,,,,,,,,,,,,,,Software Development,,,,,,,,,,None,,1,20 to 29 years,News article,,,Google/Internet search,,,solidproject.org,,I can‚Äôt remember,,giving back data sovereignty to the user,I understand a little about it,,,,,,,,,,,,,I don't participate in the Solid community,"reading the newsletter and trying to understand a little bit of solid, waiting for it getting out of alpha status",,,,,,Busy,,,,,,,,,,"want to join in a later phase, or use it when it's ready",Blog,,,Email Newsletter,,,,,,,,I don‚Äôt feel I belong,"I don't take any action myself, you're doing fine",,,thank you for your work,2021-06-10 16:57:43,2021-06-10 17:04:40,1ce39e222f
r2lx46sbh0x2dr2lxdf7n97igt1yl96h,United States of America,English,,,,,,,,,,,,,,,,,,,,31 - 45,"Master‚Äôs degree (M.A., M.S., M.Eng., MBA, etc.)",,Developer - back end,,,,,DevOps specialist,,,,,,,,,,,,,,,,,,,Consultant,,,,,,,,,,,,,Software,,,,,,,,,,None,,1,10 to 19 years,,,,,,,,,I can‚Äôt remember,,Decentralization and organization,I don‚Äôt understand it at all,,,,,,,,,,,,,I don't participate in the Solid community,,,1,1,2,,Busy,,,,,,,,,,,,,,Email Newsletter,,,,,,,,I don‚Äôt feel I belong,,,,,2021-06-10 17:00:55,2021-06-10 17:03:39,680ad4729d
oa9qen1ogs8i4nlxog7oa9qen1om2950,United Kingdom of Great Britain and Northern Ireland,English,,,,French,,,,,,,"White (Eg: German, Irish, English, Italian, Polish, French, etc)",,,,,,,,Male,46 - 64,"Master‚Äôs degree (M.A., M.S., M.Eng., MBA, etc.)",,Developer - back end,Developer - full stack,Developer - front end,,,,,,,,,,,,,,IT professional,,,,,,,,Consultant,,,,,,,,,,,,,Software development,,,,,,,,,,None,,1,30 to 49 years,,,,,Someone told me about it,,,,,,Strengthening the rights of all users or the web,I understand it well,Contribute to the GitHub repositories,,,Read or participate in the Gitter chats,,,Attend Solid World,,,,Test out Solid apps,,,,5,4,4,5,,,,,,,,,,,,n/a,Blog,,Gitter,,,,,,,,,I feel like I belong,,,,,2021-06-10 16:55:04,2021-06-10 17:01:31,9a4955d173
bqq4l92bexqnvxe4jsdjbqq4sf7x4g5l,Germany,English,,,,French,,,,,German,,"White (Eg: German, Irish, English, Italian, Polish, French, etc)",,,,,,,,"Queer, male",46 - 64,Some college/university study without earning a degree,,,,,,,,,,,,,,,,,,,,,,,,,Writer - other,,,,,,,,,,,,,,"Printing Office, help work",,,,,,,,,,None,,1,30 to 49 years,,,,,,Read about it on social media,,,,,"Pod Provider, test code with mini apps",I understand an average amount,Contribute to the GitHub repositories,,Read or participate in the forums,Read or participate in the Gitter chats,,"Write about Solid (blogs, articles, etc)",Attend Solid World,,Attend other live (virtual) Solid events,,Test out Solid apps,,,,4,3,5,2,,,,,,,,,,,,doesn' t apply (I participate),Blog,Forums,Gitter,Email Newsletter,,LinkedIn,,,,,,I feel like I belong,,perhaps language issues (abbrevations etc.),"if I find a local peergroup, if the Server lifts off mainstream soon, generally I' m content","Good work, DEIT Team, seems well understandable to gather feedback...",2021-06-10 16:42:09,2021-06-10 16:52:47,008932cf0f
6zmj9l0zuxojmv5v6koc6zmj1fueinjp,United Kingdom of Great Britain and Northern Ireland,English,,,,French,,,,,,,"White (Eg: German, Irish, English, Italian, Polish, French, etc)",,,,,,,,Male,31 - 45,"Other doctoral degree (Ph.D., Ed.D., etc.)",,,Developer - full stack,,,,,,,,,,,,,,,,,,,,,,,,,,,,,,,,,,,,Software,,,,,,,,,,None,,1,10 to 19 years,News article,,,,,,,,,,Redecentralizing the web! :-),I understand an average amount,,,Read or participate in the forums,Read or participate in the Gitter chats,Read or discuss Solid on Twitter/Facebook/Reddit/other social media,,Attend Solid World,,,,,,,,,3,4,4,,,,,,,,,,,,,,,Gitter,,Twitter,,,,,,,I feel I somewhat belong,,Not sure.,Can't think of anything,,2021-06-10 16:39:47,2021-06-10 16:50:20,0a060b4515
tc5shso6tgz6x974tc5sh8g2pk115z2x,United States of America,English,,,,French,,,,,,,"White (Eg: German, Irish, English, Italian, Polish, French, etc)",,,,,,,,cishet male,65+,"Master‚Äôs degree (M.A., M.S., M.Eng., MBA, etc.)",,Developer - back end,Developer - full stack,Developer - front end,Developer - desktop or enterprise applications,,,,,,,,,,,,,,,,,,,,Writer - other,,,,,Community organizer,,,,,,,,,Social Services & Human Rights,,,Screen magnifier,,,,,,,,,1,30 to 49 years,News article,,,,,,,,,,Empowering users and communities to take control of their lives.,I understand it well,Contribute to the GitHub repositories,,Read or participate in the forums,Read or participate in the Gitter chats,,,,,,Build Solid apps,,,,,5,5,5,3,,,,,,,,,,,,I find zoom calls very tiring ... I don't find video presentations the best way to learn about things.,Blog,Forums,Gitter,,,,,,,,Best for me is a page on the website like the Events page that lists everything in one place and I can check at my own time.,I feel like an integral part of this community,,Increasing the diversity of the community.,"More diversity, more engagement with helping manage the website and other team tasks","Fantastic survey, thanks!",2021-06-10 16:35:08,2021-06-10 16:48:26,fcb4f7ec48
xb0ceqx2lr5br0dqxb0cnqlr25eerl8x,Norway,English,,,,,,,,,,Norwegian,"White (Eg: German, Irish, English, Italian, Polish, French, etc)",,,,,,,,Male (he/him),31 - 45,"Master‚Äôs degree (M.A., M.S., M.Eng., MBA, etc.)",,,,Developer - front end,,,,,,,,,,,,,,,,,,,,,,,,,,,,,,,,,,,Computer Science,,,,,,,,,,None,,1,20 to 29 years,,,,,Someone told me about it,Read about it on social media,,,,,"The applications that represent a more fair, democratic use of users data",I am an expert in Solid,Contribute to the GitHub repositories,,Read or participate in the forums,Read or participate in the Gitter chats,Read or discuss Solid on Twitter/Facebook/Reddit/other social media,"Write about Solid (blogs, articles, etc)",Attend Solid World,,,Build Solid apps,Test out Solid apps,,,,5,5,5,5,,,,,,,,,,,,none,,,,Email Newsletter,,,,,,,,I feel like an integral part of this community,,I'm happy as is ^_^,,T,2021-06-10 16:31:20,2021-06-10 16:31:43,ffde662d94
daaw93oe925sonvw09xdaaauzwn6kwv9,Norway,English,,,,,,,,,,,"White (Eg: German, Irish, English, Italian, Polish, French, etc)",,,,,,,,Female,31 - 45,"Bachelor‚Äôs degree (B.A., B.S., B.Eng., etc.)",,,,,Developer - desktop or enterprise applications,,,,Designer - user experience,,,,,,,,,IT professional,,,Product - owner,,,,,Consultant,Entrepreneur,,,,,,,,,,,,Technology - specifically finance and healthcare,,Screen reader,,,,Reading assistants,,,,,,1,10 to 19 years,News article,,Job relates to/uses Solid,,,,,,,,I want to develop a product for private healthcare insurance market,I understand a little about it,,Contribute to the specifications,Read or participate in the forums,Read or participate in the Gitter chats,Read or discuss Solid on Twitter/Facebook/Reddit/other social media,"Write about Solid (blogs, articles, etc)",Attend Solid World,Attend Women of Solid,Attend other live (virtual) Solid events,Build Solid apps,Test out Solid apps,,,,,4,4,4,,Busy,,,,,,,,,,,Blog,Forums,Gitter,Email Newsletter,Twitter,LinkedIn,,,,,,I feel like I belong,,I think it solid needs to expand from just focusing on the dev community(although that is super important). More involvement from business and public sector players who might fund projects would help attract more people to the group.,I would like to see it grow! and open up more general opportunities for collaboration.,I am very pleased to be part of the Solid community and aim to engage and contribute wherever I can and time allows.,2021-06-10 16:24:31,2021-06-10 16:24:58,ff473ce251
8xodh8hiytzn8ymwhzjhscthiudz9sly,United Kingdom of Great Britain and Northern Ireland,English,,,,,,,,,,,"White (Eg: German, Irish, English, Italian, Polish, French, etc)",,,,,,,,Male,31 - 45,"Master‚Äôs degree (M.A., M.S., M.Eng., MBA, etc.)",,,Developer - full stack,,,,,,,,,,,,,,,IT professional,,,,,,,,,,,,,,,,,,,,,IT,,Screen reader,Screen magnifier,,,,Speech input,,,,,1,10 to 19 years,News article,,,,,,,,,,I want to fix the web,I understand it well,Contribute to the GitHub repositories,Contribute to the specifications,,Read or participate in the Gitter chats,,,Attend Solid World,,,,,Participate in user research,,,5,4,4,4,,,,,,,,,,,,,,,,Email Newsletter,,,,,,,,I feel like an integral part of this community,,Nothing :),More actual developers!,You rock!,2021-06-10 16:09:19,2021-06-10 16:13:06,5f90f97e7c
f1eqedo46ra2puhss1f1eqed6j03mm0g,Germany,English,,,Spanish,,,,,Portuguese,German,"Italian, Japanese",,"Hispanic, Latino or Spanish origin (Eg: Mexican or Mexican American, Puerto Rican, Cuban, Salvadoran, Dominican, Colombian, etc)",,,,,,,I'm a cis woman,31 - 45,"Secondary school (e.g. American high school, German Realschule or Gymnasium, etc.)",,,Developer - full stack,Developer - front end,,,,,,,,,,,,,,,,,,,,,,,,,,,,,,,Educator,,General user,,IT,,,,,,,,,,None,,1,Less than 5 years,,,Job relates to/uses Solid,,,,,Inrupt,,,I think it's a great way to put users in control of their data and has distinct advantages for developers as well,I understand a little about it,,,,,Read or discuss Solid on Twitter/Facebook/Reddit/other social media,"Write about Solid (blogs, articles, etc)",Attend Solid World,Attend Women of Solid,Attend other live (virtual) Solid events,Build Solid apps,,,,,1,1,1,1,,,,,,,,,,,,,,,,,,,,,,,,I feel I somewhat belong,,Spaces specific for beginners,"More diversity, including different backgrounds/skills levels",,2021-06-09 6:27:35,2021-06-09 6:32:46,ee450d92c6
t7myrokfdw9vnpq8fuy80czt7myrhj1h,United States of America,English,,,,,,,,,,,,,"Black or African American (Eg: African American, Jamaican, Haitian, Nigerian, Ethiopian, Somalian, etc)",,,,,,Female,18 - 30,"Bachelor‚Äôs degree (B.A., B.S., B.Eng., etc.)",,,,,,,,,,,,,,,,,,,,,,,,,,,,,,Community organizer,,,,,,,,,Tech,,,,,,,,,,None,,0,,,,,,,,,Inrupt,,,ALLLLL OF IT,I don‚Äôt understand it at all,,Contribute to the specifications,,,,,,,,,,,,,,,,,,,,,,,,,,,,,,,,,,,,,,,,,,,,,2021-06-08 21:32:24,2021-06-08 21:39:14,95ad5be041
r2au6mgw2mcep3a1ecrxlbuwy92hxy1t,United States of America,English,,,,,,,,,,,,,,"Asian (Eg: Chinese, Filipino, Asian Indian, Vietnamese, Korean, Japanese, etc)",,,,,Female,46 - 64,"Master‚Äôs degree (M.A., M.S., M.Eng., MBA, etc.)",,,,,,,,,,,,,,,,,,,,,,,Writer - technical,,,,,,,,,,,,,,,,IT,,,,,,,,,,None,,1,20 to 29 years,,,Job relates to/uses Solid,,,,,Inrupt,,,Job related: they're making me,I understand a little about it,Contribute to the GitHub repositories,,,,,"Write about Solid (blogs, articles, etc)",Attend Solid World,Attend Women of Solid,,,,,,,5,,1,,,,,,,,,,,,,,,,,,,,,,,,,I feel I somewhat belong,,,,,2021-06-08 20:52:00,2021-06-08 21:27:44,649ff5db27